{"cameraMode":{"drawMode":0,"name":"Shaded","section":"Shading Mode"},"sceneLighting":false,"audioPlay":false,"sceneViewState":{"showFog":true,"showMaterialUpdate":false,"showSkybox":false,"showFlares":true,"showImageEffects":true,"showParticleSystems":true},"in2DMode":false,"pivot":{"x":1530.611328125,"y":786.8306884765625,"z":0.0},"rotation":{"x":0.0000011747143844331732,"y":0.7555544972419739,"z":0.0000011003402278220165,"w":0.6550858616828919},"size":1.2093597650527955,"orthographic":true}